en,vi,aliases_en,notes,needs_review
Wizards,Phù thủy,Wizard,Pháp sư,
Males,Nam,Male,,
Spells of unknown incantation,Bùa chú không rõ câu thần chú,,,
British or Irish individuals,Người Anh hoặc Ireland,,,
Potion ingredients,Nguyên liệu độc dược,Potion ingredient,,
Females,Nữ,Female,,
Creatures existing in the non-magic world,Sinh vật tồn tại trong thế giới Muggle,,,
Magical objects,Vật ma thuật,Magical object,,
Charms,Bùa,Charm,Bùa mê;Bùa chú;môn Bùa,
Spells with a light,Bùa chú có ánh sáng,,,
Parents,Cha mẹ,Parent,Ba mẹ;Phụ huynh,
Unidentified spells,Bùa chú chưa xác định,Unidentified spell,,
Cities and towns,Thành phố và thị trấn,,,
British individuals,Người Anh,British individual,,
Married individuals,Người đã kết hôn,Married individual,,
Shops,Cửa tiệm,Shop,,
20th century births,Sinh vào thế kỷ 20,20th century birth,,
London,London,,,
Pure-bloods,Phù thuỷ thuần chủng,Pure-blood,Phù thuỷ thuần chủng,
Spells with incantations of Latin origin,Bùa chú với câu thần chú gốc Latin,,,
Plants,Thực vật,Plant,,
Harry Potter's possessions,Đồ vật của Harry Potter,Harry Potter's possession,,
Hogwarts,Hogwarts,,Trường Hogwarts;Lâu đài Hogwarts,
Transforming spells,Thần chú biến hình,Transforming spell,,
Patronus forms,Hiện thân của Thần Hộ Mệnh,Patronus form,Thần Hộ Mệnh,
Brown-eyed individuals,Người mắt nâu,Brown-eyed individual,,
Potions,Độc dược,Potion,,
England,Nước Anh,,Anh;nước Anh,
New York,New York,,,
Defence Against the Dark Arts,Phòng chống Nghệ thuật Hắc ám,Defence Against the Dark Art,PCNTHA,
Diagon Alley,Hẻm Xéo,,,
Hogwarts locations,Địa điểm ở Hogwarts,Hogwarts location,,
Objects held by the Hogwarts Library,Đồ vật tại Thư viện Hogwarts,,,
Unknown House,Không rõ Nhà,,,
Healing magic,Ma thuật chữa lành,,,
Poisons,Chất độc,Poison,,
Hogsmeade,Hogsmeade,,Làng Hogsmeade,
Unnamed family members,Thành viên gia đình không rõ tên,Unnamed family member,,
English individuals,Người Anh,English individual,,
Wizarding locations,Địa điểm trong thế giới pháp thuật,Wizarding location,,
Muggle-familiar creatures,Sinh vật quen thuộc với Muggle,Muggle-familiar creature,,
Scotland,Scotland,,,
Portraits,Chân dung,Portrait,,
Slytherins,Học sinh nhà Slytherin,Slytherin,Slytherin,
Battle of Hogwarts participants,Người tham gia Trận Hogwarts,Battle of Hogwarts participant,,
Blue-eyed individuals,Người mắt xanh dương,Blue-eyed individual,,
Houses,Nhà (Hogwarts),House,Các nhà,
Herbology,Thảo dược học,,môn Thảo dược;lớp Thảo dược,
Transfiguration spells,Thần chú Biến hình,Transfiguration spell,,
Spells of known incantation,Bùa chú biết câu thần chú,,,
Murder victims,Nạn nhân bị sát hại,Murder victim,,
Rooms,Phòng,Room,,
Gryffindors,Học sinh nhà Gryffindor,Gryffindor,Gryffindor,
Wands,Đũa phép,Wand,,
Conjurations,Bùa chú Hiện hồn,Conjuration,,
Forbidden Forest,Rừng Cấm,,,
Buildings,Toà nhà,Building,,
Creature products,Sản phẩm từ sinh vật,Creature product,,
Medications,Thuốc,Medication,,
Paris,Paris,,,
United States of America,Hoa Kỳ,,Mỹ,
Green-eyed individuals,Người mắt xanh lá,Green-eyed individual,,
Fire-based magic,Ma thuật liên quan tới lửa,,,
Hermione Granger's possessions,Đồ vật của Hermione Granger,Hermione Granger's possession,,
Streets,Đường phố,Street,,
Honeydukes,Công tước Mật,,tiệm Công tước Mật,
Protective spells,Bùa chú bảo vệ,Protective spell,,
Deceased individuals,Người đã qua đời,Deceased individual,,
Documents,Tài liệu,Document,,
Knockturn Alley,Hẻm Knockturn,,,
Gold objects,Đồ vật bằng vàng,Gold object,,
Non-magic people,Người không có phép thuật,,Muggle;dân Muggle,
Ronald Weasley's possessions,Đồ vật của Ronald Weasley,Ronald Weasley's possession,,
Sorted in the 1990s,Được phân loại vào thập niên 1990,,,
Flint family descendants,Hậu duệ nhà Flint,Flint family descendant,,
French individuals,Người Pháp,French individual,,
Jinxes,Bùa ếm,Jinx,yểm bùa,
Ravenclaws,Học sinh nhà Ravenclaw,Ravenclaw,Ravenclaw,
Businesses,Cơ sở kinh doanh,Business,,
Sweets,Kẹo,Sweet,,
Water-based magic,Ma thuật liên quan tới nước,,,
Birds,Chim,Bird,,
Curses,Lời nguyền,Curse,,
Spellbooks,Sách bùa chú,Spellbook,,
Weasleys' Wizard Wheezes,Tiệm Phù Thỉ Wỉ Wái Của Weasley,Weasleys' Wizard Wheeze,Phù Thỉ Wỉ Wái;tiệm Phù Thỉ Wỉ Wái,
Protective objects,Vật bảo vệ,Protective object,,
Pure-blood supremacists,Kẻ tôn thờ dòng dõi thuần chủng,Pure-blood supremacist,,
Bertie Bott's Every Flavour Beans flavours,Vị của kẹo dẻo đủ vị hiệu Bertie Bott,Bertie Bott's Every Flavour Beans flavour,kẹo dẻo đủ vị hiệu Bertie Bott;Đậu Các Vị hiệu Bertie Bott,
Hufflepuffs,Học sinh nhà Hufflepuff,Hufflepuff,Hufflepuff,
Spells with modifiers,Bùa chú có biến thể,Spells with modifier,,
1970s births,Sinh vào thập niên 1970,1970s birth,,
Blood traitors,Kẻ phản bội dòng máu,Blood traitor,,
Concealment,Sự che giấu,,,
Magizoology books,Sách Nghiên cứu Sinh vật Huyền bí,Magizoology book,,
Christmas presents,Quà Giáng sinh,Christmas present,,
Cups,Cốc,Cup,,
Light-based magic,Ma thuật liên quan tới ánh sáng,,,
1994 Quidditch World Cup attendees,Khán giả Cúp Quidditch Thế giới 1994,1994 Quidditch World Cup attendee,,
Care of Magical Creatures,Chăm sóc Sinh vật Huyền bí,Care of Magical Creature,môn Chăm sóc Sinh vật Huyền bí,
Cursed objects,Vật bị nguyền,Cursed object,,
Offices,Văn phòng,Office,,
Fruits and vegetables,Trái cây và rau củ,,,
Hogwarts awards,Giải thưởng Hogwarts,Hogwarts award,,
Dark Arts,Nghệ thuật Hắc ám,Dark Art,,
Grey-eyed individuals,Người mắt xám,Grey-eyed individual,,
National Quidditch teams,Đội tuyển Quidditch quốc gia,National Quidditch team,,
Albus Dumbledore's possessions,Đồ vật của Albus Dumbledore,Albus Dumbledore's possession,,
Authors,Tác giả,Author,,
Divination,Tiên tri,,môn Tiên tri;Bói toán;lớp Tiên tri,
Hogwarts dungeons,Hầm ngục Hogwarts,Hogwarts dungeon,,
Hogwarts grounds,Khuôn viên Hogwarts,Hogwarts ground,,
Hogwarts secrets,Bí mật của Hogwarts,Hogwarts secret,,
Hogwarts prefects,Huynh trưởng Hogwarts,Hogwarts prefect,,
Muggle Studies,Muggle Học,Muggle Study,môn Muggle-học,
Sentient objects,Đồ vật có tri giác,Sentient object,,
Triwizard Tournament,Cuộc thi Tam Pháp Thuật,,Cuộc thi Tam Pháp Thuật;Tam Pháp Thuật,
Mental magic,Ma thuật tâm trí,,,
Boggart forms,Hình dạng Ông Kẹ,Boggart form,Ông Kẹ,
British Ministry of Magic,Bộ Pháp thuật,,Bộ Pháp Thuật,
Chasers,Truy thủ,Chaser,,
Half-bloods,Phù thuỷ lai,Half-blood,,TRUE
Hogwarts textbooks,Sách giáo khoa Hogwarts,Hogwarts textbook,,
Mammals,Động vật có vú,Mammal,,
Cosmetics,Mỹ phẩm,Cosmetic,,
Dogs,Chó,Dog,,
Human Transfigurations,Phép Biến hình Người,Human Transfiguration,,
Silver objects,Đồ vật bằng bạc,Silver object,,
Beasts,Quái thú,Beast,,
Books,Sách,Book,,
Unmarried individuals,Người chưa kết hôn,Unmarried individual,,
Wildlife reserves,Khu bảo tồn động vật hoang dã,Wildlife reserve,,
Bronze Chocolate Frog Cards,Thẻ Sôcôla Ếch nhái đồng,Bronze Chocolate Frog Card,,TRUE
Cats,Mèo,Cat,,
Killed by Tom Riddle,Bị Tom Riddle giết,,,
Levitation,Bay,,,
Sorted in the 20th century,Được phân loại vào thế kỷ 20,,,
Unforgivable Curse users,Kẻ dùng Lời nguyền Không thể Tha thứ,Unforgivable Curse user,,
Charms books,Sách Bùa chú,Charms book,,
France,Pháp,,,
Pets,Thú cưng,Pet,,
Quidditch,Quidditch,,,
Second Wizarding War casualties,Thương vong trong Cuộc chiến Phù thủy lần thứ hai,Second Wizarding War casualty,,
Events,Sự kiện,Event,,
Hogwarts classrooms,Phòng học Hogwarts,Hogwarts classroom,,
Invisibility,Vô hình,,,
Organisations,Tổ chức,Organisation,,
Prank devices,Đồ chơi khăm,Prank device,,
Antidotes,Thuốc giải,Antidote,,
Dumbledore's Army,Đoàn Quân Dumbledore,,Đ.Q.D.,
Shop owners,Chủ tiệm,Shop owner,,
Siege of Hogwarts participants,Người tham gia Cuộc bao vây Hogwarts,Siege of Hogwarts participant,,TRUE
Astronomy,Thiên văn học,,môn Thiên văn,
House of Black,Nhà Black,,,
Leaky Cauldron,Cái Vạc Lủng,,Quán Cái Vạc Lủng,
Newton Scamander's possessions,Đồ vật của Newton Scamander,Newton Scamander's possession,,
Statues,Tượng,Statue,,
Toys,Đồ chơi,Toy,,
Trans-species Transformations,Biến hình giữa các loài,Trans-species Transformation,,TRUE
Aurors,Thần Sáng,Auror,,
Dark Magic artefacts,Khí cụ Hắc ám,Dark Magic artefact,,
Fish,Cá,,,
Insects,Côn trùng,Insect,,
Lestrange family,Nhà Lestrange,,,
Portkeys,Khóa Cảng,Portkey,,
Unicorn hair wands,Đũa phép lõi lông kỳ lân,Unicorn hair wand,,
Capitals,Thủ đô,Capital,,
Christmas,Giáng sinh,,lễ Giáng sinh;Noel,
Dark charms,Bùa chú Hắc ám,Dark charm,,
Death Eater allies,Đồng minh của Tử Thần Thực Tử,Death Eater ally,,
History books,Sách lịch sử,History book,,
Mental spells,Bùa tâm trí,Mental spell,,
Namesakes,Người được đặt tên theo,Namesake,,
Snakes,Rắn,Snake,,
Weather magic,Ma thuật thời tiết,,,
Wizarding towns,Thị trấn thế giới pháp thuật,Wizarding town,,
Countries,Quốc gia,Country,,
Courses,Môn học,Course,,
Order of the Phoenix allies,Đồng minh của Hội Phượng Hoàng,Order of the Phoenix ally,,
Quidditch teams,Đội Quidditch,Quidditch team,,
Ranks and titles,Cấp bậc và chức danh,,,
Bedrooms,Phòng ngủ,Bedroom,,
Centenarians,Người trăm tuổi,Centenarian,,
Chocolate Frog Cards,Thẻ Sôcôla Ếch nhái,Chocolate Frog Card,,TRUE
Dragon heartstring wands,Đũa phép lõi gân tim rồng,Dragon heartstring wand,,
George Weasley's possessions,Đồ vật của George Weasley,George Weasley's possession,,
Hogwarts corridors and passages,Hành lang và lối đi Hogwarts,,,
Unidentified potions,Độc dược chưa xác định,Unidentified potion,,
Wand woods,Gỗ đũa phép,Wand wood,,
Yaxley family descendants,Hậu duệ nhà Yaxley,Yaxley family descendant,,
2014 Quidditch World Cup attendees,Khán giả Cúp Quidditch Thế giới 2014,2014 Quidditch World Cup attendee,,
Animagus forms,Hình dạng Người Hóa Thú,Animagus form,Người Hóa Thú;hóa thú,
British Isles,Quần đảo Anh,British Isle,,
Competitions,Cuộc thi,Competition,,
Department for the Regulation and Control of Magical Creatures,Cục Quản lý và Kiểm soát Sinh vật Huyền bí,,,
Fred Weasley's possessions,Đồ vật của Fred Weasley,Fred Weasley's possession,,
Gringotts,Ngân hàng Gringotts,,Ngân hàng Gringotts;Nhà băng Gringotts,
Hogsmeade residents,Cư dân Hogsmeade,Hogsmeade resident,,
Silver Chocolate Frog Cards,Thẻ Sôcôla Ếch nhái bạc,Silver Chocolate Frog Card,,TRUE
Wands crafted by Garrick Ollivander,Đũa phép do Garrick Ollivander chế tạo,,,
American individuals,Người Mỹ,American individual,,
Battles and skirmishes,Trận chiến và giao tranh,,,
Chocolate,Sô-cô-la,,,
Spiders,Nhện,Spider,,
Alchemy,Giả kim thuật,,,
Ancient magic,Ma thuật cổ,,,
Battle of the Department of Mysteries participants,Người tham gia Trận Sở Bảo Mật,Battle of the Department of Mysteries participant,,
Counties,Hạt (đơn vị địa chính),County,,
Deaths by Killing Curse,Chết vì Lời nguyền Chết chóc,,,
Defence Against the Dark Arts books,Sách Phòng chống Nghệ thuật Hắc ám,Defence Against the Dark Arts book,,
Imperius Curse victims,Nạn nhân Lời nguyền Độc đoán,Imperius Curse victim,,
Impersonated individuals,Người bị mạo danh,Impersonated individual,,
Magizoology,Môn Nghiên cứu Sinh vật Huyền bí,,,
Murderers,Kẻ giết người,Murderer,,
Neighbourhoods,Khu phố,Neighbourhood,,
Only children,Con một,,,
Rubeus Hagrid's possessions,Đồ vật của Rubeus Hagrid,Rubeus Hagrid's possession,,
Scottish individuals,Người Scotland,Scottish individual,,
Secrecy breaches,Vi phạm bảo mật,Secrecy breach,,
Wizard secrecy,Bí mật phù thuỷ,,,
Auror Office personnel,Nhân viên Phòng Thần sáng,,,
British Ministry of Magic positions,Chức vụ trong Bộ Pháp Thuật ,British Ministry of Magic position,,
Europe,Châu Âu,,,
Explosives,Chất nổ,Explosive,,
Magical games,Trò chơi ma thuật,Magical game,,
Minerva McGonagall's possessions,Đồ vật của Minerva McGonagall,Minerva McGonagall's possession,,
Muggle-borns,Phù thủy gốc Muggle,Muggle-born,gốc Muggle;Muggle sinh,
Rats,Chuột,Rat,,
Slug Club,Câu lạc bộ Slug,,,
Unidentified 19th-century Hogwarts student's possessions,Đồ vật của học sinh Hogwarts thế kỷ 19 không rõ tên,Unidentified 19th-century Hogwarts student's possession,,
Zonko's Joke Shop,Tiệm Giỡn Zonko,,Tiệm Giỡn của Zonko,
Azkaban convicts,Tù nhân Azkaban,Azkaban convict,,
Battle of the Department of Mysteries,Trận Sở Bảo Mật,Battle of the Department of Mystery,,
Cauldrons,Vạc,Cauldron,,
Dark wizards,Phù thủy Hắc ám,Dark wizard,,
Duelling Club members,Thành viên Câu lạc bộ Đấu tay đôi,Duelling Club member,,
First Wizarding War casualties,Thương vong trong Cuộc chiến Phù thủy lần thứ nhất,First Wizarding War casualty,,
Hair,Tóc,,,
Hexes,Bùa ếm,Hex,,
Living books,Sách sống,Living book,,
Newspaper segments,Mục báo,Newspaper segment,,
Objects,Đồ vật,Object,,
Plant-based magic,Ma thuật liên quan tới thực vật,,,
Pubs,Quán rượu,Pub,,
Weasley family,Nhà Weasley,,,
Awards,Giải thưởng,Award,,
Disowned House of Black descendants,Hậu duệ Nhà Black bị từ mặt,Disowned House of Black descendant,,
Draco Malfoy's possessions,Đồ vật của Draco Malfoy,Draco Malfoy's possession,,
Fire,Lửa,,,
First Order of the Phoenix,Hội Phượng Hoàng đời đầu tiên,,,TRUE
Ginevra Weasley's possessions,Đồ vật của Ginevra Weasley,Ginevra Weasley's possession,,
Hats,Mũ,Hat,,
Islands,Đảo,Island,,
Personal possessions,Đồ vật cá nhân,Personal possession,,
Potioneers,Người điều chế độc dược,Potioneer,,
Speaking objects,Vật biết nói,Speaking object,,
Battle of the Astronomy Tower participants,Người tham gia Trận Tháp Thiên Văn,Battle of the Astronomy Tower participant,,
Creatures affiliated with water,Sinh vật liên quan tới nước,,,
Death Eaters,Tử Thần Thực Tử,Death Eater,,
Dragon parts,Bộ phận rồng,Dragon part,,
Flight,Thuật bay,,,
Godric's Hollow,Thung lũng Godric,,,
Music,Âm nhạc,,,
Security,An ninh,,,
Severus Snape's possessions,Đồ vật của Severus Snape,Severus Snape's possession,,
Sorted in the 1980s,Được phân loại vào thập niên 1980,,,
Wand cores,Lõi đũa phép,Wand core,,
1990s births,Sinh vào thập niên 1990,1990s birth,,
20th century deaths,Mất vào thế kỷ 20,20th century death,,
Caves,Hang động,Cave,,
Communication,Liên lạc,,,
Crime,Tội phạm,,,
Cruciatus Curse victims,Nạn nhân Lời nguyền Tra tấn,Cruciatus Curse victim,,
Destroyed wands,Đũa phép bị phá hủy,Destroyed wand,,
Eggs,Trứng,Egg,,
Gobstones players,Người chơi Bi Xì Bùm,Gobstones player,Người chơi Gobstones,
Healers,Lương y,Healer,,
Love magic,Tình thuật,,,
Magical powers,Năng lực ma thuật,Magical power,,
Muggle-baiting,Trò chơi khăm dân Muggle,,,TRUE
Potions books,Sách Độc dược,Potions book,,
Prewett family descendants,Hậu duệ nhà Prewett,Prewett family descendant,,
Restaurants,Nhà hàng,Restaurant,,
Suits of armour,Bộ giáp,,,
Theatres,Nhà hát,Theatre,,
Water,Nước,,,
Widowed individuals,Người góa bụa,Widowed individual,,
Ailments,Bệnh tật,Ailment,,
Bartemius Crouch Junior's possessions,Đồ vật của Bartemius Crouch Con,Bartemius Crouch Junior's possession,,
Battle of Hogwarts,Trận Hogwarts,,,
Battle of the Seven Potters participants,Người tham gia Trận Bảy Potter,Battle of the Seven Potters participant,,TRUE
Blood-related magic,Ma thuật liên quan tới máu,,,
Bridges,Cây cầu,Bridge,,
Creatures found worldwide,Sinh vật có ở khắp thế giới,,,
Dark Arts books,Sách Nghệ thuật Hắc ám,Dark Arts book,,
Goblin-made objects,Đồ vật do yêu tinh chế tạo,Goblin-made object,,
Gringotts employees,Nhân viên Ngân hàng Gringotts,Gringotts employee,,
Hogwarts Headmasters and Headmistresses,Hiệu trưởng Hogwarts,,Hiệu trưởng,
Individual plants,Cá thể thực vật,Individual plant,,
Potter family,Nhà Potter,,,
Quills,Bút lông ngỗng,Quill,,
Rivers,Sông,River,,
Wales,Xứ Wales,Wale,,
10-inch wands,Đũa phép dài 10 inch,10-inch wand,,
Alastor Moody's possessions,Đồ vật của Alastor Moody,Alastor Moody's possession,,
Apothecaries,Tiệm dược thảo,Apothecary,Tiệm bào chế,
Award recipients,Người nhận giải thưởng,Award recipient,,
Clothes shops,Tiệm quần áo,Clothes shop,,
Duels,Cuộc đấu tay đôi,Duel,,
Emigrants,Người di cư,Emigrant,,
Fungi,Nấm,,,
Garrick Ollivander's possessions,Đồ vật của Garrick Ollivander,Garrick Ollivander's possession,,
Gryffindor House,Nhà Gryffindor,,,
Luna Lovegood's possessions,Đồ vật của Luna Lovegood,Luna Lovegood's possession,,
Passwords,Mật khẩu,Password,,
Powders (substance),Chất bột,,,
Resting places,Nơi an nghỉ,Resting place,,
Rosier family descendants,Hậu duệ nhà Rosier,Rosier family descendant,,
Rubeus Hagrid's pets,Thú cưng của Rubeus Hagrid,Rubeus Hagrid's pet,,
Second Order of the Phoenix,Hội Phượng Hoàng thời kỳ thứ hai,,,TRUE
Seekers,Tầm thủ,Seeker,,
Staircases in Hogwarts Castle,Cầu thang trong Lâu đài Hogwarts,,,
The Cave,Hang Động,,,
12-inch wands,Đũa phép dài 12 inch,12-inch wand,,
Asia,Châu Á,,,
Azkaban escapees,Người vượt ngục Azkaban,Azkaban escapee,,
British Ministry of Magic locations,Địa điểm của Bộ Pháp Thuật Anh,British Ministry of Magic location,,
Bulstrode family descendants,Hậu duệ nhà Bulstrode,Bulstrode family descendant,,
Castles,Lâu đài,Castle,,
China,Trung Quốc,,,
Counter-charms,Phản bùa,Counter-charm,,
Dragons,Rồng,Dragon,,
Electronics,Đồ điện tử,Electronic,,
Essays,Bài luận,Essay,,
Gilderoy Lockhart's fans,Người hâm mộ Gilderoy Lockhart,Gilderoy Lockhart's fan,,
Great Lake,Hồ Đen,,cái hồ,TRUE
Halls in Hogwarts Castle,Sảnh trong Lâu đài Hogwarts,,,
Healing spells,Bùa chữa lành,Healing spell,,
Humans,Con người,Human,,
Individuals with shortened names,Người có tên viết tắt,Individuals with shortened name,,
Mental potions,Độc dược tâm trí,Mental potion,,
Mountains,Núi,Mountain,,
Neville Longbottom's possessions,Đồ vật của Neville Longbottom,Neville Longbottom's possession,,
Red-eyed individuals,Người mắt đỏ,Red-eyed individual,,
Sleep,Giấc ngủ,,,
Study of Ancient Runes,Mông Nghiên cứu Cổ ngữ Rune,Study of Ancient Rune,môn Cổ ngữ Rune,
Transfiguration books,Sách Biến hình,Transfiguration book,,
Trolls,Quỷ khổng lồ,Troll,,
Beaters,Tấn thủ,Beater,,
Beauxbatons,Trường Beauxbatons,Beauxbaton,Trường Beauxbatons,
Brazil,Brazil,,,
British Ministry of Magic employees,Nhân viên Bộ Pháp Thuật,British Ministry of Magic employee,,
Broomsticks,Chổi bay,Broomstick,cây chổi,
Cakes,Bánh ngọt,Cake,,
Death-related magic,Ma thuật liên quan tới cái chết,,,
Gardens,Vườn,Garden,,
Ghosts,Ma,Ghost,,
Magically protected locations,Địa điểm được ma thuật bảo vệ,Magically protected location,,
Meeting at Malfoy Manor participants,Người tham dự Cuộc họp tại Trang viên Malfoy,Meeting at Malfoy Manor participant,,
Newton Scamander's suitcase,Va-li của Newton Scamander,,,
Nuts and seeds,Hạt và quả hạch,,,
Opening spells,Bùa mở,Opening spell,,
Parks,Công viên,Park,,
Potion inventors,Người phát minh độc dược,Potion inventor,,
Quidditch stadiums,Sân vận động Quidditch,Quidditch stadium,,
Slytherin House,Nhà Slytherin,,,
Spell inventors,Người phát minh bùa chú,Spell inventor,,
Transportation,Phương tiện di chuyển,,,
Vanishments,Ma thuật tiêu biến,Vanishment,,
Weasley family possessions,Đồ vật của nhà Weasley,Weasley family possession,,
Wizard's Chess players,Người chơi cờ phù thủy,Wizard's Chess player,,
1870s births,Sinh vào thập niên 1870,1870s birth,,
1997 deaths,Mất năm 1997,1997 death,,
Apparition,Độn thổ,,,
Beast Chocolate Frog Cards,Thẻ Sôcôla Ếch nhái Sinh vật,Beast Chocolate Frog Card,,TRUE
Beaufort family descendants,Hậu duệ nhà Beaufort,Beaufort family descendant,,
Black-eyed individuals,Người mắt đen,Black-eyed individual,,
Celebrations,Lễ hội,Celebration,,
Creatures from Europe,Sinh vật từ châu Âu,,,
Department of Mysteries,Sở Bảo Mật,Department of Mystery,Sở Bí Mật,
Discipline at Hogwarts,Hình thức kỷ luật tại Hogwarts,,,
Goblins,Yêu tinh,Goblin,,
Half-orphans,Trẻ mồ côi cha hoặc mẹ,Half-orphan,,
Heirlooms,Vật gia truyền,Heirloom,,
Hogwarts entrances,Lối vào Hogwarts,Hogwarts entrance,,
Hogwarts storerooms,Nhà kho Hogwarts,Hogwarts storeroom,,
Hufflepuff House,Nhà Hufflepuff,,,
Ice,Băng,,,
International Confederation of Wizards,Liên đoàn Phù thủy Quốc tế,International Confederation of Wizard,,
Muggle government of the United Kingdom,Chính phủ Muggle của Vương quốc Anh,,,
Musical instruments,Nhạc cụ,Musical instrument,,
Pumpkins,Bí ngô,Pumpkin,,
Quidditch equipment,Trang thiết bị Quidditch,,,
Quidditch players,Cầu thủ Quidditch,Quidditch player,,
Return of Lord Voldemort,Sự trở lại của Chúa tể Voldemort,,Chúa tể Hắc ám;Voldemort,
Skirmish at Malfoy Manor participants,Người tham gia Giao tranh tại Trang viên Malfoy,Skirmish at Malfoy Manor participant,,
Sparks,Tia lửa,Spark,,
St Mungo's patients,Bệnh nhân bệnh viện Thánh Mungo,St Mungo's patient,,
Tudor-era individuals,Người thời Tudor,Tudor-era individual,,
Weapons,Vũ khí,Weapon,,
1994 Quidditch World Cup,Cúp Quidditch Thế giới 1994,,,
9-inch wands,Đũa phép dài 9 inch,9-inch wand,,
Argus Filch's possessions,Đồ vật của Argus Filch,Argus Filch's possession,,
Arthur Weasley's Muggle artefacts,Đồ vật Muggle của Arthur Weasley,Arthur Weasley's Muggle artefact,,
Badges,Huy hiệu,Badge,,
British and Irish Quidditch League Quidditch teams,Đội Quidditch của Liên đoàn Anh và Ireland,,,
Busts,Tượng bán thân,Bust,,
Creatures from the United States of America,Sinh vật từ Hoa Kỳ,,,
European individuals,Người châu Âu,European individual,,
Furniture,Nội thất,,,
Germany,Nước Đức,,,
Great Hall,Đại Sảnh Đường,,Đại Sảnh;Sảnh đường,
Hogwarts locations with a namesake,Địa điểm được đặt theo tên người tại Hogwarts,,,
Hogwarts Quidditch Captains,Đội trưởng Quidditch Hogwarts,Hogwarts Quidditch Captain,,
Hogwarts students during the Marauders' era,Học sinh Hogwarts thời Đạo Tặc,,,
Italy,Nước Ý,,,
Journalists,Nhà báo,Journalist,,
Locations used by the Death Eaters,Địa điểm được Tử thần Thực tử sử dụng,Locations used by the Death Eater,,
Magical self-help books,Sách tự học ma thuật,Magical self-help book,,
Maps and charts,Bản đồ và biểu đồ,,,
Mirrors,Gương,Mirror,,
Plot to open the Chamber of Secrets,Âm mưu mở cửa Phòng chứa Bí mật,Plot to open the Chamber of Secret,,
Ravenclaw House,Nhà Ravenclaw,,,
Roads,Đường,Road,,
Soups,Súp,Soup,,
Spain,Tây Ban Nha,,,
The Tale of the Three Brothers,Truyện Ba Anh Em,The Tale of the Three Brother,,
Toads,Cóc,Toad,,
Transfiguration,Biến hình,,môn Biến hình;lớp Biến hình,
Unidentified individuals,Người chưa xác định danh tính,Unidentified individual,,
Yellow-eyed individuals,Người mắt vàng,Yellow-eyed individual,,
11-inch wands,Đũa phép dài 11 inch,11-inch wand,,
Accidental deaths,Cái chết do tai nạn,Accidental death,,
Break-ins and infiltrations,Đột nhập và xâm nhập,,,
Butterflies,Bướm,Butterfly,,
Counter-curses,Phản nguyền,Counter-curse,,
Creatures affiliated with fire,Sinh vật liên quan tới lửa,,,
Examinations and tests,Kỳ thi và bài kiểm tra,,,
Exploding Snap players,Người chơi Bài Nổ,Exploding Snap player,,
Explosive Enterprises,Sản phẩm Pháo nổ của anh em Weasley,Explosive Enterprise,,
Gellert Grindelwald's possessions,Đồ vật của Gellert Grindelwald,Gellert Grindelwald's possession,,
Gloves,Găng tay,Glove,,
Heads of House,Chủ nhiệm Nhà,,,
House of Black descendants,Hậu duệ Nhà Black,House of Black descendant,,
Inventors,Nhà phát minh,Inventor,,
Japan,Nhật Bản,,,
Letters,Thư,Letter,,
Plot to murder Peter Pettigrew,Âm mưu giết Peter Pettigrew,,,
Rosaceae,Họ Hoa hồng,,,
Tom Riddle's possessions,Đồ vật của Tom Riddle,Tom Riddle's possession,,
Twins,Cặp song sinh,Twin,song sinh,
Unidentified Slytherins,Học sinh Slytherin chưa xác định,Unidentified Slytherin,,
Valentine's Day,Ngày Valentine,,lễ Tình nhân,
19th century births,Sinh vào thế kỷ 19,19th century birth,,
Artists,Nghệ sĩ,Artist,,
Azkaban,Nhà tù Azkaban,,Nhà tù Azkaban;Ngục Azkaban,
Battle of Hogwarts fatalities,Người tử trận trong Trận Hogwarts,Battle of Hogwarts fatality,,
Bookshops,Tiệm sách,Bookshop,,
Cafés,Quán cà phê,,,
Crabbe family descendants,Hậu duệ nhà Crabbe,Crabbe family descendant,,
Creatures from Great Britain,Sinh vật từ Vương quốc Anh,,,
Creatures from Ireland,Sinh vật từ Ireland,,,
Cuisine,Ẩm thực,,,
Daily Prophet,Nhật Báo Tiên Tri,,báo Tiên Tri,
Daily Prophet staff,Nhân viên Nhật Báo Tiên Tri,,,
Frogs,Ếch,Frog,,
Gold Chocolate Frog Cards,Thẻ Sôcôla Ếch nhái vàng,Gold Chocolate Frog Card,,TRUE
Head Boys and Girls,Thủ lĩnh Nam sinh và Nữ sinh,,Thủ lĩnh Nam sinh;Thủ lĩnh Nữ sinh,
Herbology books,Sách Thảo dược học,Herbology book,,
Hogwarts Castle namesakes,Được đặt tên cho địa điểm trong lâu đài Hogwarts,Hogwarts Castle namesake,,
Hogwarts clubs,Câu lạc bộ tại Hogwarts,Hogwarts club,,
Hogwarts Express,Tàu tốc hành Hogwarts,,Tàu tốc hành,
Hogwarts towers,Tháp tại Hogwarts,Hogwarts tower,,
Horcrux possessors,Người sở hữu Trường Sinh Linh Giá,Horcrux possessor,,
Jobs,Nghề nghiệp,Job,,
Keys,Chìa khóa,Key,,
Lakes,Hồ,Lake,,
Languages,Ngôn ngữ,Language,,
Mascots,Linh vật,Mascot,,
Objects stored in Gringotts Wizarding Bank,Vật gửi tại Ngân hàng Phù thủy Gringotts,,,
Order of Merlin recipients,Người nhận Huân chương Merlin,Order of Merlin recipient,,
Phoenix feather wands,Đũa phép lõi lông phượng hoàng,,,
Prisons,Nhà tù,,,
Quidditch in England,Quidditch ở Anh,,,
Surrey,Surrey,,,
Sybill Trelawney's possessions,Đồ vật của Sybill Trelawney,,,
Symbols,Biểu tượng,,,
The Burrow,Hang Sóc,,,
Three Broomsticks Inn,Quán trọ Ba Cây Chổi,,Quán Ba Cây Chổi,
Train stations,Nhà ga,,,
Underground Chambers,Phòng dưới lòng đất,Underground Chamber,,TRUE
Unforgivable Curses,Lời nguyền Không thể Tha thứ,Unforgivable Curse,,
Unidentified 19th-century Hogwarts student's documents,Tài liệu của học sinh Hogwarts thế kỷ 19 không rõ tên,Unidentified 19th-century Hogwarts student's document,,
1981 deaths,Mất năm 1981,1981 death,,
1998 deaths,Mất năm 1998,1998 death,,
Africa,Châu Phi,,,
Animagi,Người Hóa Thú,Animagus,Hoá Thú Sư,
Australia,Úc,,Úc Đại Lợi,
Books by Gilderoy Lockhart,Sách của Gilderoy Lockhart,,,
British Ministers for Magic,Bộ trưởng Bộ Pháp Thuật Anh,British Minister for Magic,Bộ trưởng Bộ Pháp Thuật,
Condiments and seasonings,Gia vị,,,
Conferences,Hội nghị,Conference,,
Dolores Umbridge's possessions,Đồ vật của Dolores Umbridge,Dolores Umbridge's possession,,
Forests,Rừng,Forest,,
LGBT individuals,Người LGBT,LGBT individual,,TRUE
Murder,Án mạng,,vụ giết người;giết người,
Room of Requirement,Phòng Cần Thiết,,,
Second Wizarding War,Cuộc chiến Phù thủy lần thứ hai,,,
Sirius Black's possessions,Đồ vật của Sirius Black,Sirius Black's possession,,
Sorted in the 2000s,Được phân loại vào thập niên 2000,,,
Stones,Đá,Stone,,
Transformation victims,Nạn nhân của thuật Biến hình,Transformation victim,,
Wedding of William Weasley and Fleur Delacour,Đám cưới của Bill Weasley và Fleur Delacour,,đám cưới của Bill,
Wizengamot,Tòa án Pháp sư Tối cao,,Hội đồng Pháp thuật,
WonderWitch,Phù Thủy Tuyệt Vời,,,
2000s births,Sinh vào thập niên 2000,2000s birth,,
