count,category
422,Wizards
313,Males
273,Spells of unknown incantation
211,British or Irish individuals
206,Potion ingredients
199,Spells with a light
192,Charms
182,Females
157,Creatures existing in the non-magic world
153,British individuals
151,Unidentified spells
150,Magical objects
135,Harry Potter's possessions
124,Spells with incantations of Latin origin
123,20th century births
112,Parents
108,London
101,Defence Against the Dark Arts
100,Married individuals
87,Diagon Alley
86,Pure-bloods
77,Plants
76,Battle of Hogwarts participants
71,Brown-eyed individuals
70,Potions
69,Transforming spells
68,Hogwarts locations
66,Shops
65,Cities and towns
65,England
65,English individuals
64,Transfiguration spells
59,Slytherins
58,Healing magic
57,Patronus forms
57,Portraits
56,Gryffindors
56,Sorted in the 1990s
55,Conjurations
55,Murder victims
54,Hermione Granger's possessions
54,Ronald Weasley's possessions
53,Spells of known incantation
51,Protective spells
51,Weasleys' Wizard Wheezes
50,Fire-based magic
50,Muggle-familiar creatures
49,Blue-eyed individuals
49,Hogwarts
48,Flint family descendants
47,Rooms
46,Creature products
46,Green-eyed individuals
46,Unknown House
45,Jinxes
44,Medications
42,Objects held by the Hogwarts Library
42,Wands
41,1994 Quidditch World Cup attendees
40,Poisons
40,Protective objects
40,Spells with modifiers
40,Triwizard Tournament
39,Blood traitors
39,Gold objects
38,Bertie Bott's Every Flavour Beans flavours
38,Fruits and vegetables
38,Ravenclaws
37,Houses
37,Pure-blood supremacists
36,Bronze Chocolate Frog Cards
36,Hogwarts grounds
36,Killed by Tom Riddle
36,Spellbooks
35,Deceased individuals
34,Water-based magic
33,Christmas presents
33,Cups
33,Dumbledore's Army
33,Herbology
33,Hogwarts dungeons
33,Hogwarts textbooks
33,Light-based magic
33,Second Wizarding War casualties
32,Curses
32,Hogwarts awards
32,Muggle Studies
31,Boggart forms
31,House of Black
31,Unmarried individuals
30,Forbidden Forest
29,Buildings
29,Half-bloods
29,Order of the Phoenix allies
28,Authors
28,Care of Magical Creatures
28,Hogsmeade
27,Levitation
27,Magizoology books
27,Silver Chocolate Frog Cards
26,Antidotes
26,Businesses
26,Chasers
26,Divination
26,George Weasley's possessions
26,Grey-eyed individuals
26,Hogwarts prefects
26,Knockturn Alley
26,Non-magic people
25,Battle of the Department of Mysteries participants
25,Centenarians
25,Chocolate Frog Cards
25,Concealment
25,Fred Weasley's possessions
25,Hogwarts classrooms
25,Wizard of the Month
24,Death Eater allies
24,Hufflepuffs
24,Leaky Cauldron
24,Sentient objects
24,Silver objects
24,Unforgivable Curse users
24,Unnamed family members
23,1970s births
23,Albus Dumbledore's possessions
23,Battle of the Department of Mysteries
23,Deaths by Killing Curse
23,Impersonated individuals
23,Mammals
23,Only children
23,Slug Club
23,Toys
23,Wizarding locations
22,Birds
22,Charms books
22,Dark Magic artefacts
22,First Order of the Phoenix
22,Human Transfigurations
22,Non-canonical articles
22,Offices
22,Trans-species Transformations
22,Wands crafted by Garrick Ollivander
21,2014 Quidditch World Cup attendees
21,Battle of the Astronomy Tower participants
21,Cosmetics
21,Dark charms
21,Defence Against the Dark Arts books
21,Ginevra Weasley's possessions
21,Hogwarts secrets
21,Invisibility
21,Pets
21,Sweets
21,Uncertain classification
20,Cruciatus Curse victims
20,Dark Arts
20,Duelling Club members
20,Insects
20,Namesakes
20,Snakes
20,Sorted in the 20th century
20,Weather magic
20,Yaxley family descendants
19,Animagus forms
19,Battle of Hogwarts
19,Battle of the Seven Potters participants
19,Christmas
19,Death Eaters
19,Hogwarts corridors and passages
19,Hogwarts Headmasters and Headmistresses
19,Imperius Curse victims
19,Murderers
18,Fire
18,Second Order of the Phoenix
18,The Cave
18,Wand woods
17,Bartemius Crouch Junior's possessions
17,Bedrooms
17,Honeydukes
17,Neville Longbottom's possessions
17,Passwords
17,Prank devices
17,Rubeus Hagrid's possessions
17,Statues
16,Alastor Moody's possessions
16,Alchemy
16,Azkaban escapees
16,Bridges
16,British Ministry of Magic
16,Bulstrode family descendants
16,Draco Malfoy's possessions
16,First Wizarding War casualties
16,Hats
16,Hexes
16,Individuals with shortened names
16,Meeting at Malfoy Manor participants
16,Mental magic
16,National Quidditch teams
16,Ranks and titles
16,Scotland
16,Seekers
16,Severus Snape's possessions
16,Siege of Hogwarts participants
16,Staircases in Hogwarts Castle
15,20th century deaths
15,Communication
15,Documents
15,Dragon heartstring wands
15,Explosives
15,Fish
15,Flight
15,Garrick Ollivander's possessions
15,Gilderoy Lockhart's fans
15,Luna Lovegood's possessions
15,Magical powers
15,Organisations
15,Return of Lord Voldemort
15,Skirmish at Malfoy Manor participants
15,Weasley family
15,Wildlife reserves
14,1994 Quidditch World Cup
14,1997 deaths
14,Award recipients
14,British Ministry of Magic positions
14,Cauldrons
14,Countries
14,Discipline at Hogwarts
14,Disowned House of Black descendants
14,Europe
14,Gobstones players
14,Great Hall
14,Healing spells
14,Mental spells
14,Quidditch
14,Soups
14,Widowed individuals
13,Ailments
13,Busts
13,Counter-charms
13,Counties
13,Creatures found worldwide
13,Examinations and tests
13,Exploding Snap players
13,Gringotts
13,Gryffindor House
13,Heads of House
13,Hogwarts entrances
13,Hogwarts storerooms
13,Hogwarts students during the Marauders' era
13,Inventors
13,Locations used by the Death Eaters
13,Minerva McGonagall's possessions
13,Muggle government of the United Kingdom
13,Plot to murder Peter Pettigrew
13,Plot to open the Chamber of Secrets
13,Potter family
13,Prewett family descendants
13,Rubeus Hagrid's pets
13,Speaking objects
13,Transfiguration books
13,Transportation
13,Unicorn hair wands
13,Zonko's Joke Shop
12,Astronomy
12,Battle of Hogwarts fatalities
12,Counter-curses
12,Crabbe family descendants
12,Dark wizards
12,Department of Mysteries
12,Dragon parts
12,Events
12,Godric's Hollow
12,Hogwarts Castle namesakes
12,Horcrux possessors
12,Magical games
12,Muggle-borns
12,Potioneers
12,Quidditch equipment
12,Restaurants
12,Sorted in the 1980s
12,The Tale of the Three Brothers
12,Underground Chambers
12,Vanishments
12,Water
12,Weasley family possessions
12,Wizard's Chess players
12,Yellow-eyed individuals
11,1981 deaths
11,1998 deaths
11,Aurors
11,Beaters
11,Books
11,Books by Gilderoy Lockhart
11,British Isles
11,Broomology
11,Cats
11,Crime
11,Dogs
11,Dolores Umbridge's possessions
11,Dragons
11,Dursley family possessions
11,Essays
11,Explosive Enterprises
11,Fungi
11,Gold Chocolate Frog Cards
11,Healers
11,Hogwarts locations with a namesake
11,Hogwarts towers
11,Magically protected locations
11,Mirrors
11,Security
11,Sirius Black's possessions
11,Sparks
11,Spell inventors
11,Streets
11,Sybill Trelawney's possessions
11,The Burrow
11,Weapons
11,Wizarding towns
11,WonderWitch
10,Azkaban convicts
10,Beauxbatons
10,Black-eyed individuals
10,Blood-related magic
10,British and Irish Quidditch League Quidditch teams
10,Death-related magic
10,Exploding Snap Tournament contenders
10,Ghosts
10,Halls in Hogwarts Castle
10,History books
10,Hogwarts Quidditch Captains
10,Hogwarts students during the Riddle-era
10,House of Black descendants
10,Humans
10,Infiltration of the British Ministry of Magic (1997)
10,Languages
10,Living books
10,Nuts and seeds
10,Opening spells
10,Order of Merlin recipients
10,Return of Lord Voldemort participants
10,Rockets
10,Slytherin House
10,Spell types
10,Tom Riddle's possessions
10,Wedding of William Weasley and Fleur Delacour
10,Wizengamot
9,10-inch wands
9,1980s births
9,9-inch wands
9,Apothecaries
9,Apparition
9,Argus Filch's possessions
9,Body fluids
9,Clothes shops
9,Daily Prophet
9,Daily Prophet staff
9,Dark Arts books
9,Dementor victims
9,Destroyed wands
9,Gringotts employees
9,Herbology books
9,Hogwarts Express
9,Individual broomsticks
9,Journalists
9,Lists
9,Longbottom family
9,Lucius Malfoy's possessions
9,Minister for Magic's Support Staff
9,Molly Weasley's possessions
9,Muggle-baiting
9,Murder
9,Newton Scamander's possessions
9,Pet food
9,Plant-based magic
9,Plot to kill Harry Potter participants
9,Plot to steal the Philosopher's Stone
9,Portkeys
9,Powders (substance)
9,Pubs
9,Quills
9,Rosaceae
9,Second Wizarding War
9,Security guards
9,Shop owners
9,Tudor-era individuals
9,Unidentified potions
9,Valentine's Day
9,Wizard secrecy
8,Artists
8,Asia
8,Attack at Godric's Hollow (1981) participants
8,Auror Office personnel
8,Awards
8,B.C. era births
8,Beast Chocolate Frog Cards
8,British Ministers for Magic
8,Buried at St Jerome's graveyard
8,Capitals
8,Cleaning spells
8,Creatures from Greece
8,Creatures from Ireland
8,Cupboards
8,Defence Against the Dark Arts Professors at Hogwarts
8,Duels
8,European individuals
8,Filius Flitwick's possessions
8,Gloves
8,Goblin-made objects
8,Goblins
8,Gryffindors Sorted in 1991
8,Head Boys and Girls
8,Hogsmeade residents
8,Hogwarts uniform
8,Horace Slughorn's possessions
8,Ice
8,Individuals depicted on wanted posters
8,Inquisitorial Squad
8,Love potions
8,Musical instruments
8,Objects
8,Occlumens
8,Parselmouths
8,Personal possessions
8,Potion inventors
8,Potions books
8,Secrecy breaches
8,Sleep
8,Slytherins Sorted in 1991
8,Sorted in 1989
8,Soul-related magic
8,Spain
8,Spies
8,St Mungo's patients
8,Tom Riddle's Horcruxes
8,Xenophilius Lovegood's possessions
7,1996 deaths
7,2000s births
7,Activists
7,Advance Guard
7,Articles to be merged
7,Attack at Godric's Hollow (1981)
7,Beasts
7,Black family possessions
7,Break-in of Gringotts Wizarding Bank (1998)
7,British Ministry of Magic locations
7,Broomstick accessories
7,Broomsticks
7,Chocolate
7,Competitions
7,Condiments and seasonings
7,Conspiracy theorists
7,Creatures from Europe
7,Creatures from Great Britain
7,Death Eater defectors
7,Deathly Hallows
7,Disowned members of the House of Black
7,Electronics
7,Forests
7,France
7,Gamp family descendants
7,Gardens
7,Gilderoy Lockhart's possessions
7,Great Lake
7,Greenhouses
7,Hair
7,Half-orphans
7,Hogwarts courtyards
7,Hogwarts subjects
7,Horcrux destroyers
7,Horcrux hunt
7,House-elves
7,Hufflepuff House
7,Islands
7,Jobs
7,Knitters
7,Little Whinging
7,Magical education
7,Magical self-help books
7,Neighbourhoods
7,Oliver Wood's possessions
7,Pamphlets
7,Plot to assassinate Albus Dumbledore participants
7,Pomona Sprout's possessions
7,Protectors of the Philosopher's Stone
7,Quidditch commentators
7,Rats
7,Ravenclaw House
7,Remus Lupin's possessions
7,Rivers
7,Rosier family descendants
7,Runic number symbols
7,Serpent of Slytherin victims
7,Sorted in 1971
7,Sorted in the 1960s
7,Sweet shops
7,Symbols
7,Time travellers
7,Trolls
7,Tulip Karasu's possessions
7,Wand cores
7,William Weasley's possessions
7,Wizard Skittles players
7,Wrongfully convicted individuals
6,12 Grimmauld Place
6,1950s births
6,1960 births
6,1980 births
6,American individuals
6,Amputations
6,Austria
6,Bathilda Bagshot's possessions
6,Battle of the Seven Potters
6,Battles and skirmishes
6,Battles of the Second Wizarding War
6,Bellatrix Lestrange's possessions
6,Belts
6,Bones family
6,Brass objects
6,Brazil
6,Breeders
6,British Ministry of Magic employees
6,Campaign to discredit Albus Dumbledore and Harry Potter
6,Candles
6,Chamber of Secrets
6,Circle of Khanna
6,Conferences
6,Conspiracy theories
6,Creatures affiliated with fire
6,Death of Albus Dumbledore
6,Devon
6,Disciplinary hearing of Harry Potter participants
6,Drinks
6,Durmstrang
6,Eggs
6,Elder Wand masters
6,Electricity
6,Emigrants
6,Fleamont family descendants
6,French individuals
6,Furniture
6,Giants
6,Gringotts vaults
6,Heads of the Department of Magical Law Enforcement
6,Heirlooms
6,Hogwarts students during the founders' era
6,Hospital Wing
6,Individuals affected by the Mysterious Malady
6,Individuals of unknown gender
6,Inks
6,James Potter (I)'s possessions
6,Knights
6,Legislators
6,Libraries
6,Locations used by the Order of the Phoenix
6,Magic
6,Magical contracts
6,Magizoology
6,Malfoy family
6,Mascots
6,Mental potions
6,Merpeople
6,Muggle-Born Registration Commission
6,Music
6,Nobility
6,Owls
6,Percy Weasley's possessions
6,Petrification victims
6,Peverell family descendants
6,Pigs
6,Plot to murder Peter Pettigrew participants
6,Plot to steal the Philosopher's Stone participants
6,Plots to kill Harry Potter
6,Poets
6,Prisons
6,Prophecies
6,Psychology
6,Quidditch in England
6,Quidditch players
6,Quirinus Quirrell's possessions
6,Resting places
6,Saints
6,Seers
6,Skirmish at the Room of Requirement participants
6,Social club
6,Society for the Promotion of Elfish Welfare
6,Spells invented by Severus Snape
6,Study of Ancient Runes
6,Train stations
6,Transformation victims
6,Twins
6,Unidentified 19th-century Hogwarts student's possessions
6,Venoms
6,Vincent Crabbe's possessions
6,Wales
6,Wandlore
6,Wine
6,Works of art
5,12-inch wands
5,1943 deaths
5,1992 deaths
5,8-inch wands
5,Africa
5,Afterlife
5,Ambushes
5,Arson
5,Arthur Weasley's Muggle artefacts
5,Arts
5,Astronomers
5,Astronomy Tower
5,Attack at Godric's Hollow (1997) participants
5,Australia
5,Azkaban
5,Bats
5,Beetles
5,Biblical figures
5,Bookshops
5,Boots
5,Buried at Little Hangleton graveyard
5,Cakes
5,Cars
5,Caves
5,Cedric Diggory's possessions
5,Charles Weasley's possessions
5,China
5,Clocks
5,Confectioners
5,Courtiers
5,Creatures affiliated with water
5,Creatures belonging to Hogwarts School of Witchcraft and Wizardry
5,Creatures from Scotland
5,Crouch family
5,Cursed objects
5,Dark Detectors
5,Deaths by stabbing
5,Dragon Chocolate Frog Cards
5,Duelling
5,Duelling Club locations
5,Earth magic
5,Evans family descendants
5,Executed individuals
5,Feathers
5,Fleur Delacour's possessions
5,Forest of Dean
5,Frogs
5,Gregory Goyle's possessions
5,Hallowe'en
5,Hepzibah Smith's possessions
5,Hippogriffs
5,Hogwarts bathrooms
5,Hogwarts dormitories
5,Hogwarts dropouts
5,Hogwarts Library
5,Hogwarts portrait rooms
5,Hogwarts positions
5,Horcrux hunters
5,Horns
5,Keepers
5,Keys
5,Lakes
5,Larvae
5,Laws of magic
5,Legilimens
5,Letters
5,Little Hangleton
5,Lupin family
5,Magizoologists
5,Mandrakes
5,Marble
5,Medicine
5,Muggle schools
5,Newspaper segments
5,Non-graduate Hogwarts students
5,Nonsense incantations
5,Objects stored in Gringotts Wizarding Bank
5,Orphans
5,Personal assistants
5,Pet shops
5,Philanthropists
5,Phoenix products
5,Phoenixes
5,Plot to assassinate Albus Dumbledore
5,Plot to open the Chamber of Secrets participants
5,Pumpkins
5,Pure-blood supremacism
5,Quidditch books
5,Rabbits
5,Religion
5,Restricted Section books
5,Riddle family
5,Roads
5,Rodents
5,Room of Requirement
5,Runes books
5,Skirmish at Malfoy Manor
5,Songs
5,Sorted in 1990
5,Special Jinxes
5,Spiders
5,Stones
5,Surrey
5,Telescopes
5,The Quibbler
5,Three Broomsticks Inn
5,Triwizard Tournament objects
5,Un-borns
5,Unforgivable Curses
5,Unidentified individuals
5,Unnamed members of the House of Black
5,Untransfigurations
5,Wizard's Chess sets
5,Wizengamot members
4,10th century births
4,4 Privet Drive
4,Aberforth Dumbledore's possessions
4,Accidental deaths
4,Alchemists
4,Amputees
4,Ancient magic
4,Annelids
4,Arthur Weasley's possessions
4,Auror Office
4,Badges
4,Bankers
4,Battle of the Astronomy Tower
4,Beauxbatons students
4,Ben Copper's possessions
4,Betulaceae
4,Blood
4,Brains
4,Broadcasters
4,Bulgarian individuals
4,Buried at Hogwarts Castle
4,Burke family
4,Cafés
4,Carrow family
4,Cho Chang's possessions
4,Churches
4,Cleaning products
4,Clergy
4,Cliques
4,Cokeworth
4,Cornwall
4,Counter-spells
4,Creature-related laws
4,Criminals
4,Cuisine
4,Deaths by decapitation
4,Deaths by explosion
4,Deaths from Dragon Pox
4,Department for the Regulation and Control of Magical Creatures
4,Department of Magical Accidents and Catastrophes
4,Department of Magical Transportation
4,Department of Magical Transportation personnel
4,Divination books
4,Divorced individuals
4,Duelling Trophy recipients
4,Dumbledore family
4,Egypt
4,Evans family
4,Fagaceae
4,Funerals
4,Godric's Hollow residents
4,Granger-Weasley family
4,Harry Potter's private lessons
4,Herbologists
4,Herds
4,Hogwarts clubs
4,Hogwarts common rooms
4,Hogwarts founders
4,Hogwarts kitchens employees
4,Hogwarts Quidditch teams
4,Horcrux destruction methods
4,Horcrux locations
4,Horcrux victims
4,Howlers
4,Hufflepuffs Sorted in 1991
4,Imaginary creatures
4,Individuals who could speak Gobbledegook
4,Invertebrates
4,Iron objects
4,Israeli individuals
4,Italy
4,Killed by Peter Pettigrew
4,Kits
4,Kreacher's possessions
4,Lestrange family
4,Lily Potter (I)'s possessions
4,Little Hangleton residents
4,Lizards
4,Love magic
4,Macmillan family descendants
4,Maps and charts
4,Marauders
4,Mountains
4,Muggle experts
4,Necklaces
4,Newts
4,Omens
4,Opening magic
4,Ottery St Catchpole
4,Ousting of Severus Snape participants
4,Paris
4,Parks
4,Part-Veela
4,Peverell family
4,Physicists
4,Potterwatch
4,Practitioners of ancient magic
4,Prewett family
4,Privet Drive
4,Produce shops
4,Prophesied individuals
4,Pub landlords and landladies
4,Quidditch badges
4,Quidditch Captains
4,Quidditch in Scotland
4,Quidditch positions
4,Quidditch referees
4,Quidditch stadiums
4,Ravenclaws Sorted in 1991
4,Rolanda Hooch's possessions
4,Scottish individuals
4,Seamus Finnigan's possessions
4,Second Task captives
4,Secret-Keepers
4,Slugs
4,Sorted in 1987
4,Sorted in 1992
4,Sorted in the 1930s
4,St Mungo's permanent patients
4,Student transport
4,Substances
4,The New York Ghost
4,The Quibbler readers
4,The Standard Book of Spells series
4,Time magic
4,Tom Riddle's gang
4,Transfiguration
4,Transfiguration department
4,Triwizard Champions
4,Troll products
4,Types of horses
4,Underage magic
4,Unidentified Gryffindors
4,Unidentified portraits
4,Unidentified Slytherins
4,United States of America
4,Unplottable locations
4,Unregistered Animagi
4,Vampires
4,Wandmakers
4,Weird Sisters
4,Welsh individuals
4,Werewolves
3,11-inch wands
3,11th century deaths
3,1880s births
3,1915 births
3,1979 deaths
3,1981 births
3,1990s deaths
3,1991 deaths
3,1994 deaths
3,19th century births
3,Abbott family
3,Acromantulas
3,Adoptees
3,Airports
3,Animagi
3,Anti-werewolf campaign
3,Arithmancy
3,Articles to be split
3,Ash wands
3,Astrology
3,Auror training
3,Balls
3,Basilisk owners
3,Basilisk products
3,Bathrooms
3,Belby family
3,Biographies
3,Boats
3,Books by Bathilda Bagshot
3,British Ministry of Magic allies
3,British Ministry of Magic campaigns
3,Broomstick shops
3,Budleigh Babberton
3,Bulgaria
3,Buried at Azkaban burial ground
3,Butterflies
3,Castles
3,Celebrations
3,Centaurs
3,Ceremonies
3,Challenges
3,Cheese
3,Chemical elements
3,Cherry wands
3,Chickens
3,Cho Chang's romantic relationships
3,Christians
3,Circus performers
3,Cloaks
3,Clothing
3,Coin-operated machines
3,Convicts
3,Council of Magical Law members
3,Counter-jinxes
3,Creatures from Africa
3,Creatures from England
3,Creatures from North America
3,Creatures from the United States of America
3,Crustaceans
3,Crystal balls
3,Cuthbert Binns's possessions
3,Dean Thomas's possessions
3,Death
3,Deaths by suicide
3,Delacour family
3,Dementor attacks
3,Dentists
3,Department for the Regulation and Control of Magical Creatures personnel
3,Department of International Magical Co-operation personnel
3,Department of Magical Law Enforcement
3,Desks
3,Diggory family
3,Dinah Hecat's possessions
3,Disciplinary hearing of Harry Potter
3,Dobby's possessions
3,Dragon Club members
3,Dresses
3,Dudley Dursley's possessions
3,Duel at Godric's Hollow participants
3,Duellists
3,Duels with the Elder Wand
3,Dumbledore's first army allies
3,Durmstrang students
3,Dursley family
3,Faeces
3,Famous Vampires Chocolate Frog Cards
3,Farms
3,Ferrets
3,Fire-based potions
3,Fireproof objects
3,Food additives
3,Football teams
3,Founder Duels locations
3,Frank Bryce's possessions
3,Gambling
3,Gargoyles
3,Gellert Grindelwald's Paris rally participants
3,Gellert Grindelwald's possessions
3,Gemstones
3,German family
3,German individuals
3,Ghost food
3,Ginny Weasley's romantic relationships
3,Gnomes
3,Gobstones
3,Graveyards
3,Greek individuals
3,Half-breeds
3,Harry Potter's broomsticks
3,Headless Hunt
3,Hermione Granger's romantic relationships
3,Hippogriff Club members
3,Horses
3,House mascots
3,House of Gaunt
3,Immortality
3,Individual plants
3,Ismelda Murk's possessions
3,Items bequeathed in The Last Will and Testament of Albus Percival Wulfric Brian Dumbledore
3,Jae Kim's possessions
3,Jewellery
3,Joke shops
3,Killed by Antonin Dolohov
3,Killed by Bellatrix Lestrange
3,Killed by Harry Potter
3,Kneazles
3,Knight Bus crew
3,Knives
3,Legilimency
3,Letters to Albus Dumbledore
3,Lockets
3,Lovegood family
3,Magazines
3,Magical Congress of the United States of America positions
3,Magical Theory
3,Malfoy Manor
3,Marvolo Gaunt's possessions
3,Massacres
3,Mathematics
3,Meat dishes
3,Meats
3,Merula Snyde's possessions
3,Metamorphmagi
3,Mice
3,Mokes
3,Muggle Magic
3,Muggle Studies Professors at Hogwarts
3,Mundungus Fletcher's possessions
3,Museums
3,Musicians
3,Narcissa Malfoy's possessions
3,Necromancy
3,Non-human magic
3,Nott family
3,Oceans and seas
3,Palaces
3,Pansy Parkinson's possessions
3,Parvati Patil's possessions
3,Philosophers
3,Phoenix feather wands
3,Pies
3,Pinaceae
3,Plimpies
3,Plot to restore Lord Voldemort
3,Political parties
3,Poppy Pomfrey's possessions
3,Professors
3,Publishers
3,Puffskeins
3,Quidditch in Ireland
3,Rings
3,Rita Skeeter's possessions
3,Roberts family
3,Robes
3,Robyn Thistlethwaite's possessions
3,Rosmerta's possessions
3,Russia
3,Scholarly journals
3,School buildings
3,Seafood
3,Seafood dishes
3,Sectumsempra victims
3,Shrieking Shack
3,Sleep potions
3,Snow
3,Sorted in 1994
3,Sorted in 2017
3,Special Award for Services to the School recipients
3,Spells
3,Spirits
3,Squares
3,St Mungo's
3,St Mungo's employees
3,St Mungo's positions
3,Streelers
3,Suits of armour
3,Swimming
3,Tapestries
3,Teaware
3,Tents
3,The walk of the Qilin attendees
3,Theatres
3,Theoreticians
3,Time travel
3,Toads
3,Toffee
3,Tom Riddle's creations
3,Tonks family
3,Transformations
3,Triwizard schools
3,Unicorn products
3,Unidentified Hogwarts employees
3,Unidentified Hufflepuffs
3,Uniforms
3,Unspeakables
3,Valleys
3,Victims of Muggle torture
3,Viktor Krum's possessions
3,Walking sticks
3,Wand shops
3,Weasley family descendants
3,Weasleys' Wizard Wheezes employees
3,Whisky
3,Willow wands
3,Wizard-bred creatures
3,Wizard's Chess
3,Wizarding laws
3,Wizards' Council
3,Yew wands
2,13th century deaths
2,1535 deaths
2,1612 births
2,1750 births
2,1829 births
2,1850 births
2,1850s births
2,1881 births
2,1889 births
2,1893 deaths
2,1903 births
2,1910 deaths
2,1912 births
2,1917 births
2,1925 births
2,1926 deaths
2,1951 births
2,1959 deaths
2,1960s births
2,1970 births
2,1972 births
2,1973 deaths
2,1976 births
2,1977 births
2,1977 deaths
2,1978 births
2,1995 deaths
2,Abraxans
2,Alistair Fidgen's possessions
2,Anatomy
2,Anti-werewolf campaigners
2,Arithmancy books
2,Armando Dippet's possessions
2,Asian individuals
2,Avery family
2,Awakening potions
2,B.C. era deaths
2,Balloons
2,Banks
2,Bartemius Crouch Senior's possessions
2,Basilisks
2,Battle of the Seven Potters fatalities
2,Battles of the First Wizarding War
2,Bears
2,Billywig products
2,Biographers
2,Biology
2,Blaise Zabini's possessions
2,Blind individuals
2,Boggarts
2,Books by Kennilworthy Whisp
2,Books by Libatius Borage
2,Books by Phyllida Spore
2,Books mentioning Horcruxes
2,Books on Muggles
2,Borgin and Burkes employees
2,Botany
2,Break-ins and infiltrations
2,British Ministry of Magic courtrooms
2,British Ministry of Magic documents
2,Bronze objects
2,Broom fliers
2,Bundimuns
2,Cadmus Peverell's possessions
2,Candidates for renaming
2,Care of Magical Creatures Professors at Hogwarts
2,Carkitt Market
2,Carriages
2,Cattermole family
2,Chang family
2,Chief Warlocks
2,Chizpurfle products
2,Classical Beasts
2,Coats
2,Coins
2,Colin Creevey's possessions
2,Combat-related laws
2,Committee for the Disposal of Dangerous Creatures members
2,Composers
2,Con artists
2,Conspiracy against Slytherin
2,Cookbooks
2,Cooks
2,Copies and replicas
2,Cornelius Fudge's possessions
2,Corridors with a namesake
2,Courses
2,Crabbe family
2,Creature attacks
2,Creatures
2,Creatures from China
2,Creatures from Egypt
2,Creatures from France
2,Creatures from Germany
2,Creatures from India
2,Creatures from Romania
2,Creatures from Sweden
2,Creatures with multiple heads
2,Creevey family
2,Crowns
2,Dance
2,Dances
2,Davies family
2,Dawlish family
2,Deaths by beast
2,Deaths by fire
2,Deaths by poisoning
2,Deaths by strangulation
2,Deaths by werewolf
2,Dedalus Diggle's possessions
2,Dementors
2,Demiguises
2,Demons
2,Dentistry
2,Department of Magical Games and Sports
2,Department of Magical Law Enforcement personnel
2,Diagon Alley residents
2,"Diaries, notebooks, and journals"
2,Disowned individuals
2,Divination Professors at Hogwarts
2,Doxy products
2,Draco Malfoy's romantic relationships
2,Ducks
2,Duelling awards
2,Duelling Club Captains
2,Dumbledore family possessions
2,Dumbledore's Army defectors
2,Economics
2,Educational Decrees
2,Elm wands
2,Erumpent products
2,Escapes
2,Essential oils
2,Ethnic groups
2,Executioners
2,Extinct creatures
2,Fabrics
2,Fairy products
2,Fictional entities
2,Finnigan family
2,Fire Crabs
2,First World War
2,Flamel family
2,Fleur Delacour's romantic relationships
2,Flint family
2,Flobberworm products
2,Flume family
2,Founder Duels champions
2,Fountains
2,Fred and George Weasley's inventions
2,Fudge
2,Gerbils
2,Giant Squids
2,Glasses
2,Gobstones teams
2,Godric Gryffindor's possessions
2,Goyle family
2,Granger family
2,Granger family possessions
2,Graphorns
2,Grimmauld Place
2,Grindylows
2,Grunnings employees
2,Hagrid family
2,Hags
2,Half-giants
2,Hamsters
2,Harry Potter's romantic relationships
2,Hatstalls
2,Hawking family
2,Hawthorn wands
2,Hazel wands
2,Heads of the Auror Office
2,Herbology Professors at Hogwarts
2,Hippogriff victims
2,Historians
2,Hogwarts departments
2,Hogwarts Library sections
2,Hogwarts students with special statuses
2,Holyhead Harpies players
2,Holyhead Harpies supporters
2,Honeydukes employees
2,Horcrux creators
2,Horcrux destruction locations
2,Hornbeam wands
2,Hotels
2,House-elf rights
2,Howell family descendants
2,Ice cream
2,Improper Use of Magic Office personnel
2,India
2,Individuals who could speak Mermish
2,Individuals with disabilities
2,Inferi attacks
2,Irish individuals
2,Irma Pince's possessions
2,Katie Bell's possessions
2,Killed by Bartemius Crouch Junior
2,Killed by Fenrir Greyback
2,Killed by Nagini
2,Killed by Neville Longbottom
2,Killed by the Bloody Baron
2,King's Cross Station
2,Kingsley Shacklebolt's possessions
2,Knarls
2,Kneazle products
2,Kowalski Quality Baked Goods
2,Lavender Brown's possessions
2,Leaky Cauldron employees
2,Leprechauns
2,Letters by Albus Dumbledore
2,Letters to Petunia Dursley
2,Letters to Ronald Weasley
2,LGBT individuals
2,Locations
2,Locations used by Dumbledore's first army
2,Lovegood family possessions
2,Macmillan family
2,Malfoy family possessions
2,Malkin's possessions
2,Masks
2,Matches
2,Mazes
2,McLaggen family
2,Medical staff of Hogwarts
2,Michael Corner's romantic relationships
2,Military personnel
2,Ministries of Magic
2,Missing individuals
2,Monster hunters
2,Montgomery family
2,Moons
2,Morfin Gaunt's possessions
2,Muggle government of the United Kingdom laws
2,Muggle governments
2,Muriel's possessions
2,Murtlaps
2,Musical groups
2,Mykew Gregorovitch's possessions
2,Nagini attacks
2,Necromancy practitioners
2,Needlework
2,Nepal
2,Newspaper articles
2,Newton Scamander's suitcase
2,Noise-making plants
2,Numerology
2,Nymphadora Tonks's possessions
2,Offal
2,Oils
2,Order of the Phoenix
2,Pakistan
2,Patil family
2,Peakes family
2,Pellets
2,Penelope Fawley's possessions
2,Peter Pettigrew's possessions
2,Philosopher's Stone
2,Photographers
2,Photographs
2,Photography
2,Physicians
2,Playwrights
2,Podmore family
2,Poltergeists
2,Post offices
2,Potions Club members
2,Potions Masters
2,Potter family pets
2,Power plants
2,Puddlemere United supporters
2,Purple-eyed individuals
2,Quidditch in Wales
2,Quidditch matches
2,Quidditch teams
2,Radio
2,Radio stations
2,Ravenclaw family
2,Regions
2,Regulus Black's possessions
2,Reptiles
2,Rocks
2,Roger Davies's romantic relationships
2,Ron Weasley's romantic relationships
2,Rosier family
2,Rowan Khanna's possessions
2,Rum
2,Salamanders
2,Salazar Slytherin's possessions
2,Sauces
2,Scamander family
2,Scrimgeour family
2,Selkies
2,Ships
2,Singers
2,Skiving Snackbox
2,Smeltings
2,Smeltings students
2,Smith family
2,Snails
2,Snape family
2,Snatchers
2,Songs by the Frog Choir
2,Sorted in 1892
2,Sorted in 1972
2,Sorted in 1993
2,Sorted in the 1880s
2,Sorted in the 1920s
2,Soundtracks from the Harry Potter films
2,Spells invented by Tom Riddle
2,Splinchees
2,Streeler products
2,Stump family
2,Sweeteners
2,Switching magic
2,Swords
2,Sykes family
2,Tandel family
2,Telephone
2,Thestrals
2,Three-headed dogs
2,Tiburon Merriweather's great-grandchild's possessions
2,Tom Riddle's pets
2,Toothpaste
2,Tortoises
2,Tottenham Court Road
2,Transfiguration Professors at Hogwarts
2,Translators
2,Tutshill Tornados supporters
2,Unicorns
2,Unidentified non-magic people
2,Unintentional spells
2,Veela
2,Vehicles
2,Vernon Dursley's possessions
2,Vine wands
2,Wakefield family
2,Walnut wands
2,Weasley family pets
2,Werewolf victims
2,Westenberg family
2,Wineries
2,Wizarding currency
2,Wright family
2,XXXX Creatures
2,Yaxley family
2,Yule Ball
1,1202 births
1,1214 births
1,1227 births
1,1285 deaths
1,1292 deaths
1,1298 births
1,13-inch wands
1,1312 births
1,1320 deaths
1,1320s births
1,1330s births
1,1342 births
1,1357 deaths
1,1379 deaths
1,1390 births
1,1391 births
1,13th century births
1,14-inch wands
1,1401 deaths
1,1429 births
1,1441 deaths
1,1446 births
1,1447 births
1,1452 births
1,1467 births
1,1473 births
1,1478 births
1,1483 deaths
1,1486 births
1,1490 deaths
1,1492 deaths
1,1493 births
1,1500s births
1,1506 births
1,1508 deaths
1,1519 deaths
1,1520 births
1,1536 deaths
1,1541 deaths
1,1543 deaths
1,1555 deaths
1,1556 births
1,1557 deaths
1,1560 births
1,1561 births
1,1564 births
1,1566 births
1,1568 births
1,1588 deaths
1,16-inch wands
1,1616 deaths
1,1623 deaths
1,1629 deaths
1,1632 births
1,1634 births
1,1637 births
1,1639 deaths
1,1642 births
1,1643 births
1,1659 deaths
1,1665 births
1,1666 deaths
1,1677 births
1,1687 deaths
1,1692 deaths
1,1698 deaths
1,1703 births
1,1710 deaths
1,1715 births
1,1720 births
1,1727 deaths
1,1742 births
1,1743 deaths
1,1754 births
1,1757 deaths
1,1761 deaths
1,1768 deaths
1,1769 deaths
1,1770 births
1,1776 births
1,1790s deaths
1,1791 deaths
1,1794 births
1,1798 deaths
1,1799 deaths
1,1810 births
1,1823 births
1,1825 deaths
1,1826 births
1,1835 births
1,1836 deaths
1,1839 births
1,1839 deaths
1,1845 deaths
1,1847 births
1,1851 deaths
1,1858 births
1,1862 births
1,1870s births
1,1874 births
1,1877 births
1,1879 births
1,1880 births
1,1882 deaths
1,1883 births
1,1884 births
1,1884 deaths
1,1886 births
1,1888 births
1,1889 deaths
1,1894 births
1,1899 deaths
1,1900 births
1,1900s births
1,1901 births
1,1904 births
1,1905 births
1,1906 births
1,1910s births
1,1919 births
1,1920 births
1,1920s births
1,1920s deaths
1,1921 births
1,1922 births
1,1925 deaths
1,1926 births
1,1928 births
1,1929 births
1,1931 deaths
1,1932 deaths
1,1934 births
1,1935 births
1,1936 deaths
1,1938 births
1,1940s births
1,1940s deaths
1,1942 births
1,1945 births
1,1950 births
1,1952 deaths
1,1953 deaths
1,1955 births
1,1955 deaths
1,1957 deaths
1,1959 births
1,1961 births
1,1962 deaths
1,1964 births
1,1965 deaths
1,1966 deaths
1,1968 births
1,1970s deaths
1,1971 births
1,1975 births
1,1979 births
1,1980s deaths
1,1982 deaths
1,1985 deaths
1,1987 deaths
1,1990 deaths
1,1990s births
1,1993 deaths
1,1998 births
1,2019 deaths
1,7-inch wands
1,Acromantula attacks
1,Acromantula products
1,Aesop Sharp's possessions
1,Albus Dumbledore's Will
1,Alcohol
1,Alder wands
1,Alderton family
1,Alleyways
1,Alton family
1,Amphibians
1,Amulets
1,Anti-Muggle-born laws
1,Archives
1,Argentina
1,Arif Sikander's possessions
1,Arithmancers
1,Arthropods
1,Ashwinders
1,Assassination attempts
1,Assassins
1,Astrid Cole's possessions
1,Astrologers
1,Astronomy books
1,Astronomy Professors at Hogwarts
1,Attack at Godric's Hollow (1997)
1,Augureys
1,Babbitty Rabbitty and her Cackling Stump
1,Bagman family
1,Bagshot family
1,Banshees
1,Barnaby Lee's possessions
1,Beauxbatons locations
1,Beauxbatons staff
1,Beech wands
1,Beef dishes
1,Bell family
1,Belmont family
1,Binns family
1,Birch family
1,Birch wands
1,Biscuits
1,Blackthorn wands
1,Bletchley family
1,Blishwick family
1,Blood malediction victims
1,Bludgers
1,Bobbin family
1,Bodies of water
1,Books by Arsenius Jigger
1,Books by Miranda Goshawk
1,Books by Newton Scamander
1,Books by Rita Skeeter
1,Books by Selina Sapworthy
1,Books by Vindictus Viridian
1,Boot family
1,Botched Polyjuice Potion victims
1,Bows
1,Boxers
1,Boxing
1,Brand family
1,Bread
1,Break-ins of Gringotts Wizarding Bank
1,British Ministry of Magic departments
1,Broom-makers
1,Brown family
1,Bulstrode family
1,Buried at Jackdaw's Tomb
1,Burkina Faso
1,Cameras
1,Canada
1,Candidates' Dinner attendees
1,Capital punishment
1,Captains
1,Carneirus family
1,Carter family
1,Cassandra Vole's possessions
1,Cattermole family possessions
1,Cedar wands
1,Cedric Diggory's romantic relationships
1,Celestial bodies
1,Celestina Warbeck's possessions
1,Charms Masters at Hogwarts
1,Chestnut wands
1,Chiara Lobosca's possessions
1,Chicken dishes
1,Children's books
1,Chimaeras
1,Choreographers
1,Christian literature
1,Christianity
1,Christmas songs
1,Chudley Cannons supporters
1,Clearwater family
1,Clothing companies
1,Club D'Échecs members
1,Clubs
1,Comedians
1,Comics
1,Committee on Experimental Charms personnel
1,Conductors
1,Constance Pickering's possessions
1,Cooper family
1,Copper objects
1,Corban Yaxley's possessions
1,Cram family
1,Creatures by classification
1,Creatures from Borneo
1,Creatures from Fiji
1,Creatures from Hungary
1,Creatures from Japan
1,Creatures from Mauritius
1,Creatures from Norway
1,Creatures from Portugal
1,Creatures from Russia
1,Creatures from Senegal
1,Creatures from South America
1,Creatures from Spain
1,Creatures from the Far East
1,Creatures from Tibet
1,Creatures from Ukraine
1,Creatures from Wales
1,Cresswell family
1,Crockett family
1,Crows
1,Crups
1,Curse-Breakers
1,Cypress wands
1,Dark Force Defence League members
1,Dean Thomas's romantic relationships
1,Deathday Parties
1,Deaths by Basilisk
1,Deaths by dragon
1,Deaths by drowning
1,Deaths by Obscurus
1,Deaths by troll
1,Deaths in childbirth
1,Decrees
1,Deities
1,Delacour family descendants
1,Demiguise products
1,Department of Magical Accidents and Catastrophes personnel
1,Department of Magical Games and Sports personnel
1,Department of Magical Maintenance personnel
1,Department of Mysteries personnel
1,Department stores
1,Deserts
1,Desserts
1,Diricawls
1,Doctors
1,Dodderidge family
1,Doge family
1,Dragon attacks
1,Dragonologists
1,Drama
1,Dudley Dursley's gang
1,Duelling Clubs
1,Dugbogs
1,Dumbledore's first army members
1,Dunn family
1,Durmstrang Headmasters and Headmistresses
1,Durmstrang locations
1,Durmstrang subjects
1,Durmstrang textbooks
1,Dwarfs
1,Eagles
1,Earrings
1,Ebony wands
1,Edgecombe family
1,Elder Wand owners
1,Eleazar Fig's possessions
1,Elephants
1,English oak wands
1,Entertainers
1,Erkstag
1,Erkstag residents
1,Ernest Macmillan's possessions
1,Erumpents
1,Fairies
1,Families
1,Famous Giants Chocolate Frog Cards
1,Famous Goblins Chocolate Frog Cards
1,Famous Hags Chocolate Frog Cards
1,Fashion shows
1,Fear-based magic
1,Fenrir Greyback's possessions
1,Fenwick family
1,Fictional characters
1,Field Studies Professors at Hogwarts
1,Fiji
1,Finch-Fletchley family
1,Fir wands
1,Fireworks
1,First Wizarding War
1,Flack family
1,Fletcher family
1,Flitwick family
1,Flobberworms
1,Flying Instructors
1,Flying techniques
1,Followers of Gellert Grindelwald
1,Football
1,Forcibly-married individuals
1,Fortescue family
1,Founder Duels
1,Foxes
1,French Ministry of Magic positions
1,Frog Choir
1,Frog Choir members
1,Fudge family
1,Gagwilde family
1,Gamp family
1,Garnishes
1,Gastropods
1,Gaunt family possessions
1,Gellert Grindelwald's Paris rally
1,Genetics
1,Germany
1,Ghouls
1,Gnarlak's possessions
1,Goats
1,Goblin families
1,Goblin Liaison Office personnel
1,Gobstone materials
1,Gobstones competitions
1,Gobstones organisations
1,Golden Snitches
1,Goldstein family
1,Goldstein family descendants
1,Goshawk family
1,Grand Sorcerers and Sorceresses
1,Grawp's possessions
1,Green family
1,Greengrass family
1,Griffin products
1,Griffins
1,Grim Fawley's possessions
1,Groundskeepers
1,Grunnings
1,Gryffindors Sorted in 1984
1,Hannah Abbott's possessions
1,Hares
1,Harry Potter's birthdays
1,Headmistresses
1,Heads of the Department of Magical Games and Sports
1,Helga Hufflepuff's possessions
1,Herbology department
1,Hideouts
1,Higgs family
1,Hills
1,Hippocampi
1,Hippogriff products
1,History
1,History of Magic Professors at Hogwarts
1,Hit Wizards
1,Hitchens family
1,Hitchin family
1,Hogwarts balconies and battlements
1,Hogwarts caretakers
1,Hogwarts employees
1,Hogwarts expellees
1,Hogwarts gamekeepers
1,Hogwarts Gobstone Club members
1,Holly wands
1,Horklumps
1,Hornbills
1,Hornby family
1,Hospitals
1,Hotlines
1,Hourglasses
1,House Cup
1,House of Black house-elves
1,House of Gaunt descendants
1,Howell family
1,Hufflepuff family
1,Hufflepuffs Sorted in 1984
1,Hummingbirds
1,Hygiene
1,Ignotus Peverell's possessions
1,Igor Karkaroff's possessions
1,Iguanas
1,Individual cats
1,Individual dogs
1,Individual Hebridean Blacks
1,Individuals who knew about Horcruxes
1,Inferi
1,International Confederation of Wizards
1,Investigations
1,Ireland
1,Italian individuals
1,Japan
1,Jobberknolls
1,Johnson family
1,Jones family
1,Jordan family
1,Jorkins family
1,Journalism
1,Jumpers
1,Kelpies
1,Kenmare Kestrels supporters
1,Kettleburn family
1,Kevin Farrell's possessions
1,Killed by Alastor Moody
1,Killed by Molly Weasley
1,Killed by Severus Snape
1,Killed by Thorfinn Rowle
1,Killed by Walden Macnair
1,King family
1,King's Cross Station platforms
1,Krum family
1,Landforms
1,Lavender Brown's romantic relationships
1,Law enforcement agencies
1,Lee Jordan's possessions
1,Lestrange family possessions
1,Letters by Hermione Granger
1,Letters by Molly Weasley
1,Letters by Remus Lupin
1,Letters to Harry Potter
1,Levski family
1,Liquorice
1,Locations used by Gellert Grindelwald
1,Lockhart family
1,Long Shouren's possessions
1,Love
1,Luna Lovegood's romantic relationships
1,Luxembourg
1,MacDuff family
1,Magical Law books
1,Magical schools
1,Mahogany wands
1,Maledictuses
1,Manticores
1,Maple wands
1,Marsupials
1,Mary Cattermole's possessions
1,Mathematicians
1,Maxime family
1,McCormack family
1,McGonagall family
1,McKinnon family
1,Mead
1,Members of the Alliance
1,Merlin's possessions
1,Merope Riddle's possessions
1,Metals
1,Meteorology
1,Mexico
1,Military
1,Misuse of Muggle Artefacts Office personnel
1,Montague family
1,Montrose Magpies supporters
1,Moody family
1,Moors
1,Motorbikes
1,Mottos and sayings
1,Muggle wars
1,Mulciber family
1,Murphy McNully's possessions
1,Music shops
1,Myrtle Warren's possessions
1,Netherlands
1,Neville Longbottom's romantic relationships
1,New York
1,Nicholas de Mimsy-Porpington's possessions
1,Nicolas Flamel's possessions
1,Nifflers
1,Nigel Wolpert's possessions
1,Non-canonical Educational Decrees
1,Non-canonical events
1,North America
1,Nundus
1,Nurmengard
1,Nurmengard convicts
1,O'Brien family
1,Object-related laws
1,Objects made by Ragnuk
1,Obliviators
1,Obscurials
1,Occlumency
1,Office for the Detection and Confiscation of Counterfeit Defensive Spells and Protective Objects personnel
1,Olivia Green's possessions
1,Ollerton family
1,Ollivander family
1,Ollivanders employees
1,Olympe Maxime's possessions
1,Orange-eyed individuals
1,Order of Merlin
1,Order of the Phoenix defectors
1,Paintings of creatures
1,Parasites
1,Parkinson family
1,Parrots
1,Part-goblins
1,Peacocks
1,Percy Weasley's romantic relationships
1,Peru
1,Pettigrew family
1,Petunia Dursley's possessions
1,Pewter objects
1,Philosophy
1,Phineas Nigellus Black's possessions
1,Phyllida Spore's possessions
1,Planets
1,Plunkett family
1,Poachers
1,Pocket watches
1,Poems
1,Police officers
1,Polish individuals
1,Pork dishes
1,Porlocks
1,Porpentina Goldstein's possessions
1,Potion awards
1,Potions Championship schools
1,Potter family possessions
1,Primates
1,Prince family
1,Procreation
1,Puddifoot's possessions
1,Queenie Goldstein's possessions
1,Quidditch coaches
1,Quidditch competitions
1,Quidditch in America
1,Quidditch in Japan
1,Quidditch in Peru
1,Quidditch in Poland
1,Quidditch in Portugal
1,Quidditch in Spain
1,Quidditch leagues
1,Quidditch managers
1,Quidditch shops
1,Quidditch tactics
1,Quintapeds
1,R members
1,Railway companies
1,Ravens
1,Record shops
1,Recreation
1,Red-eyed individuals
1,Renshaw family
1,Reports
1,Reverends
1,Reynolds family
1,Riddle family possessions
1,Riddle House
1,Riddle House employees
1,Riots
1,Robins family
1,Romania
1,Romilda Vane's possessions
1,Rookwood family
1,Rosewood wands
1,Ross family descendants
1,Rowena Ravenclaw's possessions
1,Rowle family
1,Royalty
1,Rufus Scrimgeour's possessions
1,Runcorn family
1,Salicaceae
1,Sandwiches
1,Sanitation
1,Scabior's possessions
1,Scandinavian individuals
1,Scars
1,Scarves
1,Science
1,Sea serpents
1,Searches and manhunts
1,Second World War veterans
1,Sexuality
1,Shacklebolt family
1,Shapeshifters
1,Shirts
1,Shrunken heads
1,Silas Crump's possessions
1,Slughorn family
1,Slurs
1,Slytherin family
1,Smethwyck family
1,Socks
1,Sorted in 1895
1,Sorted in 1928
1,Sorted in 1938
1,Sorted in 1940
1,Sorted in 1975
1,Sorted in 1979
1,Sorted in 1982
1,Sorted in 1983
1,Sorted in 1986
1,Sorted in 1988
1,Sorted in 1991
1,Sorted in 2009
1,Sorted in 2015
1,Sorted in 2019
1,Sorted in the 1210s
1,Sorted in the 1230s
1,Sorted in the 1760s
1,Sorted in the 1780s
1,Sorted in the 1830s
1,Sorted in the 1840s
1,Sorted in the 1850s
1,Sorted in the 1910s
1,Sorted in the 1940s
1,Sorted in the 1970s
1,Sorted in the 19th century
1,Sorted in the 2010s
1,South America
1,Spells with Incantations of Latin Origin
1,Spells with Modifiers
1,Sphinxes
1,Squibs
1,St Oswald's residents
1,Student guides
1,Supreme Mugwumps
1,Swans
1,Sweeting family
1,Tailors
1,Taxes
1,Tea shops
1,Teapots
1,Television programmes
1,Terrorist groups
1,The Wizard and the Hopping Pot
1,Thomas family
1,Three Broomsticks Inn employees
1,Thurkell family
1,Tibetan individuals
1,Tickets
1,Timepieces
1,Toad products
1,Trains
1,Transportation laws
1,Travers family
1,Trelawney family
1,Tremlett family
1,Tudor dynasty
1,Tugwood family
1,Turtles
1,Uganda
1,Umbridge family
1,Unidentified Death Eaters
1,Unidentified goblins
1,Unidentified Hogwarts students
1,Unidentified Ravenclaws
1,Urquart family
1,Vane family
1,Veela hair wands
1,Virgil Fowler's possessions
1,Volcanoes
1,Vulchanov family
1,Walburga Black's possessions
1,Walden Macnair's possessions
1,Walker family
1,Wampus cat victims
1,Wands crafted by Mykew Gregorovitch
1,War-related deaths
1,Warbeck family
1,Warlocks
1,Warren family
1,Warrington family
1,Water demons
1,Werewolf offspring
1,Wilkins family
1,Williams family
1,Winged horses
1,Wizarding storybooks
1,Wizarding supremacism
1,Wizarding supremacists
1,Wolpert family
1,Wolves
1,Wood family
1,Wool's Orphanage residents
1,Workshops
1,Yetis
1,Zabini family
1,Zombies
